Category,Displayed Name,ProdId,Description,SalesGroup,Weight (g),GHG Emission (g),N lost (g),m^2 land use/kg product,Freshwater Withdrawals (L),Stress-Weighted Water Use (L),GHG Emission (g) / 100g,N lost (g) / 100g,Freshwater Withdrawals (L) / 100g,Stress-Weighted Water Use (L) / 100g,m^2 land use/kg product / 100g,GHG Only Label,Combined Label,RED,YELLOW,GREEN
,,R-30406,G&G|Croissant|Multigrain|OK ,OK - GRAB & GO,120.00000000000048,182.70000000000073,1.7760000000000074,586.8000000000023,50.3,1538.6,152.25,1.48,41.92,1282.17,489.0,Green,Yellow,,TRUE,
,,R-30041,GRL|Bacon,OK - GRILL KITCHEN BREAKFAST,20.0,560.3955,7.569600000000001,1198.1399999999999,103.19,3091.83,2801.98,37.85,515.95,15459.15,5990.7,Red,Red,TRUE,,
,,R-28280,GRL|Breakfast Entree,OK - GRILL KITCHEN BREAKFAST,925.0000187500093,2929.114215551877,40.83257464643395,3477.005748522334,347.08,14440.18,316.66,4.41,37.52,1561.1,375.89,Yellow,Yellow,,TRUE,
,,R-50368,GRL|BreakfastCroissant,OK - GRILL KITCHEN BREAKFAST,314.25000028000045,1123.8546583645275,14.210824236283475,2116.8755336930753,203.28,7154.14,357.63,4.52,64.69,2276.58,673.63,Yellow,Red,TRUE,,
,,R-49805,GRL|Burrito|Lumberjack,OK - GRILL BRUNCH,398.00000000000017,1709.9096434427083,24.209096192699118,3569.488548823514,307.72,9242.77,429.63,6.08,77.32,2322.3,896.86,Red,Red,TRUE,,
,,R-50498,GRL|Crepe|Apple Cinnamon,OK - GRILL KITCHEN BREAKFAST,520.0000000000014,619.4690180645183,5.629725000000021,1876.6845161290391,162.86,4727.1,119.13,1.08,31.32,909.06,360.9,Green,Green,,,TRUE
Grill AM , Ham and swiss crepe,R-51146,GRL|Crepe|Ham and Swiss,OK - GRILL BRUNCH,497.00000084000146,1574.2851408180718,17.61267614598768,3698.81665765948,329.11,11397.1,316.76,3.54,66.22,2293.18,744.23,Yellow,Red,TRUE,,
Grill AM , Banana Nutella Crepe,R-50569,GRL|Crepe|Nutella Banana,OK - GRILL KITCHEN BREAKFAST,570.0000000000014,1286.8434119106723,5.882538461538482,6190.156823821348,152.6,4633.9,225.76,1.03,26.77,812.96,1085.99,Yellow,Yellow,,TRUE,
Grill AM , Peach crepe,R-50570,GRL|Crepe|Rosemary Peach,OK - GRILL BRUNCH,520.0000000000014,600.7777580645184,5.5831818181818385,1845.1508797654028,151.39,4618.4,115.53,1.07,29.11,888.15,354.84,Green,Green,,,TRUE
,,R-37340,GRL|Egg Any Style,OK - GRILL KITCHEN BREAKFAST,50.0,223.19008845996797,3.672354240089942,426.94165261389395,37.99,1117.29,446.38,7.34,75.98,2234.58,853.88,Red,Red,TRUE,,
,,R-28291,GRL|Grilled Tomato,OK - GRILL KITCHEN BREAKFAST,450.0000000000045,1645.9031479591997,17.783099489796097,769.9846938775588,173.3,10082.02,365.76,3.95,38.51,2240.45,171.11,Yellow,Yellow,,TRUE,
,,R-50311,GRL|Pancake|CarrotCake,OK - GRILL KITCHEN BREAKFAST,330.0,589.023715253886,4.977454369602763,1146.2949533678757,94.81,3998.84,178.49,1.51,28.73,1211.77,347.36,Green,Yellow,,TRUE,
,,R-50320,GRL|Pancake|LemonPoppyseed,OK - GRILL KITCHEN BREAKFAST,300.0,357.50321818181817,2.129272727272727,861.9127272727272,61.03,3138.05,119.17,0.71,20.34,1046.02,287.3,Green,Green,,,TRUE
,,R-50348,GRL|Pancakes|AppleOat,OK - GRILL KITCHEN BREAKFAST,375.0,209.58377806451614,1.3494750000000002,551.6619007444169,45.83,1285.75,55.89,0.36,12.22,342.87,147.11,Green,Green,,,TRUE
,,R-50351,GRL|Pancakes|Oatmeal Raisin ,OK - GRILL KITCHEN BREAKFAST,315.0,412.02354,2.128575,821.376,165.1,2456.66,130.8,0.68,52.41,779.89,260.75,Green,Green,,,TRUE
,,R-35772,GRL|PotatoWedges,OK - GRILL KITCHEN BREAKFAST,250.0,113.98659948791156,1.4205123723996045,151.17492346607526,0.74,22.25,45.59,0.57,0.3,8.9,60.47,Green,Green,,,TRUE
,,R-28281,GRL|Sandwich|Breakfast,OK - GRILL KITCHEN BREAKFAST,247.5000002800012,1097.6280535569226,14.277028458390834,2399.1182541821554,210.77,6802.2,443.49,5.77,85.16,2748.36,969.34,Red,Red,TRUE,,
,,R-28286,GRL|Scrambled Eggs,OK - GRILL KITCHEN BREAKFAST,125.0,539.9854846938775,9.000911614645858,1010.0690276110445,93.08,2738.41,431.99,7.2,74.46,2190.73,808.06,Red,Red,TRUE,,
,,R-28288,GRL|TurkeyBreakfastSausage(2),OK - GRILL KITCHEN BREAKFAST,150.0000375000094,659.9401649850414,17.520004380001097,1726.5004316251081,55.55,50.03,439.96,11.68,37.03,33.35,1151.0,Red,Red,TRUE,,
,,R-35270,GRL|Burger|Bacon Mush Swiss,OK - GRILL KITCHEN DAY,427.0000002800017,1055.1323978937546,12.148428576402688,2534.1513058817277,187.25,6297.14,247.1,2.85,43.85,1474.74,593.48,Yellow,Yellow,,TRUE,
,,R-50323,GRL|Burger|Blue Cheese,OK - GRILL KITCHEN DAY,388.0000000000017,638.9478896551444,6.6313592703547695,1141.766302543579,105.46,4517.6,164.68,1.71,27.18,1164.33,294.27,Green,Yellow,,TRUE,
,,R-50889,GRL|Burger|Canadian,OK - GRILL KITCHEN DAY,414.0000002800017,1081.1933650913832,13.262301688060402,2065.7599279213587,197.73,7054.24,261.16,3.2,47.76,1703.92,498.98,Yellow,Yellow,,TRUE,
,,R-28250,GRL|Burger|Cheeseburger,OK - GRILL KITCHEN DAY,367.0000002800017,523.714853968934,5.6672576574481575,874.5830095540117,94.75,3965.78,142.7,1.54,25.82,1080.59,238.31,Green,Green,,,TRUE
,,R-50822,GRL|Burger|ChickenStacker,OK - GRILL KITCHEN DAY,441.0000000000012,1786.889406417795,30.20566325167509,4078.9872472363295,271.43,7734.78,405.19,6.85,61.55,1753.92,924.94,Red,Red,TRUE,,
,,R-28249,GRL|Burger|Classic Beef ,OK - GRILL KITCHEN DAY,353.0000000000017,398.969251474022,4.361057631324157,728.1430066252118,72.92,2839.29,113.02,1.24,20.66,804.33,206.27,Green,Green,,,TRUE
,,R-28252,GRL|Burger|Shacks,OK - GRILL KITCHEN DAY,412.0000002800017,1124.849511966383,13.812959500560403,2164.809927921359,199.41,7135.35,273.02,3.35,48.4,1731.88,525.44,Yellow,Yellow,,TRUE,
,,R-35714,GRL|Chicken Burger|Blackened,OK - GRILL KITCHEN DAY,377.0000002800027,1112.0823457758597,20.29243048339619,2437.688188856818,140.51,3994.3,294.98,5.38,37.27,1059.5,646.6,Yellow,Yellow,,TRUE,
,,R-50466,GRL|Chicken Burger|Buffalo,OK - GRILL KITCHEN DAY,299.0000000000012,930.3985935229603,19.427124539863033,2575.568053837973,109.43,2001.15,311.17,6.5,36.6,669.28,861.39,Yellow,Yellow,,TRUE,
Grill PM ," Guac, bacon + chicken burger",R-28251,GRL|Chicken Burger|California,OK - GRILL KITCHEN DAY,424.00000000000273,1676.357955730758,27.658948495218656,3696.214265221389,242.94,7049.12,395.37,6.52,57.3,1662.53,871.75,Red,Red,TRUE,,
,,R-35015,GRL|French Fries,OK - GRILL KITCHEN DAY,230.0,150.49935000000005,1.4398,300.61,1.52,79.3,65.43,0.63,0.66,34.48,130.7,Green,Green,,,TRUE
,,R-28254,GRL|GrilledCheese|3 Cheese Tom,OK - GRILL KITCHEN DAY,295.00000056000016,1332.375407408572,12.597158064341754,1791.0162945953257,183.07,9036.45,451.65,4.27,62.06,3063.2,607.12,Red,Red,TRUE,,
,,R-50415,GRL|GrilledCheese|Ched Mushro,OK - GRILL KITCHEN DAY,283.0000005600004,810.6695383231599,7.141571246395911,1649.572615584773,103.14,4622.4,286.46,2.52,36.45,1633.36,582.89,Yellow,Yellow,,TRUE,
,,R-50546,GRL|GrilledCheese|Spicy Havart,OK - GRILL KITCHEN DAY,215.00000000000017,876.6610666666693,8.717127777777804,1216.8833333333416,136.16,6492.28,407.75,4.05,63.33,3019.67,565.99,Red,Red,TRUE,,
,,R-50798,GRL|GrilledCheese|Swiss Apple,OK - GRILL BRUNCH,216.00000084000015,684.9815518656909,6.4285398204355175,989.68877069117,108.49,4888.57,317.12,2.98,50.23,2263.23,458.19,Yellow,Yellow,,TRUE,
,,R-47390,GRL|MeatballSub,OK - GRILL KITCHEN DAY,278.0000000000001,6552.18425994898,53.0437456122449,19470.110117346943,312.99,12127.76,2356.9,19.08,112.59,4362.5,7003.64,Red,Red,TRUE,,
,,R-50504,GRL|Philly Cheese Steak,OK - GRILL KITCHEN DAY,228.00000028000014,4118.0165400297765,33.75387910775666,12104.387722741725,214.54,8448.72,1806.15,14.8,94.1,3705.58,5308.94,Red,Red,TRUE,,
,,R-35313,GRL|Salad|Caesar,OK - GRILL KITCHEN DAY,280.5,563.5307518682332,4.431244621894519,1505.5451494382573,66.56,3015.57,200.9,1.58,23.73,1075.07,536.74,Yellow,Yellow,,TRUE,
Delish , Chef's,R-34864,GRL|Salad|Chef,OK - GRILL KITCHEN DAY,319.0000054400009,1260.047918903741,18.74070644570031,2357.29968059845,179.85,6262.26,395.0,5.87,56.38,1963.09,738.97,Red,Red,TRUE,,
,,R-50574,GRL|Salad|Cobb,OK - GRILL BRUNCH,335.0,1397.480786438071,23.429202491403945,2947.776152635047,188.63,5444.15,417.16,6.99,56.31,1625.12,879.93,Red,Red,TRUE,,
,,R-43677,GRL|Salad|SantaFe,OK - GRILL KITCHEN DAY,255.0,583.095117260221,4.867489634294107,2005.1296193707974,106.91,3509.65,228.66,1.91,41.93,1376.33,786.33,Yellow,Yellow,,TRUE,
,,R-50496,GRL|SALAD|ShrimpLouis,OK - GRILL BRUNCH,376.00000336000056,1423.0506139902948,8.977863425615544,933.2476551802732,112.5,4220.29,378.47,2.39,29.92,1122.42,248.2,Yellow,Yellow,,TRUE,
,,R-43746,GRL|Salad|Signature,OK - GRILL KITCHEN DAY,320.0,322.8210259191532,2.4310418071628908,658.2803122879124,56.07,3354.99,100.88,0.76,17.52,1048.43,205.71,Green,Green,,,TRUE
,,R-50894,GRL|Salad|Signature|SIDE,OK - GRILL KITCHEN DAY,160.0,162.11065952137685,1.2113603504659585,328.5134399151677,27.99,1675.95,101.32,0.76,17.49,1047.47,205.32,Green,Green,,,TRUE
Grill PM , Rueben,R-50491,GRL|Sandwich|Reuben,OK - GRILL KITCHEN DAY,318.00000056,4526.464927158883,37.294918754306174,12327.269240307363,275.29,11057.06,1423.42,11.73,86.57,3477.06,3876.5,Red,Red,TRUE,,
,,R-35014,GRL|Yam Fries,OK - GRILL KITCHEN DAY,171.0,86.53625918367348,1.0637397959183674,116.1938775510204,0.56,16.68,50.61,0.62,0.33,9.75,67.95,Green,Green,,,TRUE
,,R-50481,ALF|BakedChorizoPeppersPenne,OK - AL FORNO,502.0,1274.0240964095644,14.991584004511184,2500.427693434899,215.94,8157.55,253.79,2.99,43.02,1625.01,498.09,Yellow,Yellow,,TRUE,
,,R-50533,ALF|Flatbread|ArtichokePesto,OK - AL FORNO,248.0,460.7719244260204,5.097377200255101,809.8316326530612,79.7,3577.02,185.8,2.06,32.14,1442.35,326.55,Green,Yellow,,TRUE,
,,R-50562,ALF|Flatbread|Italian,OK - AL FORNO,141.0,593.347237444543,7.096076752440107,1146.9677905944986,110.04,3880.49,420.81,5.03,78.04,2752.12,813.45,Red,Red,TRUE,,
,,R-50590,ALF|Flatbread|OK,OK - AL FORNO,165.0,375.90129375,3.808565625,658.3999999999999,58.6,2586.57,227.82,2.31,35.52,1567.62,399.03,Yellow,Yellow,,TRUE,
,,R-50494,ALF|Flatbread|Proscuitto,OK - AL FORNO,210.0,784.8455618055555,9.070598263888888,1528.9777777777779,137.58,5212.08,373.74,4.32,65.51,2481.94,728.08,Yellow,Red,TRUE,,
,,R-50540,ALF|Moussaka,OK - AL FORNO,420.00000000001427,2739.3635662353877,23.106283823530198,7176.526823529658,160.8,6697.52,652.23,5.5,38.29,1594.65,1708.7,Red,Red,TRUE,,
,,R-50541,ALF|Pasta|Bolognese Penne,OK - AL FORNO,450.0000000000045,2232.068488146574,19.570329741379506,5560.0399784483325,228.42,9763.61,496.02,4.35,50.76,2169.69,1235.56,Red,Red,TRUE,,
,,R-50819,ALF|Pasta|Penne Alfredo,OK - AL FORNO,1000.0,0.0,0.0,0.0,1.0,1.0,0.0,0.0,0.1,0.1,0.0,Green,Green,,,TRUE
,,R-50825,ALF|Sweet Potato,OK - AL FORNO,115.0,45.655,0.575,59.800000000000004,0.3,9.0,39.7,0.5,0.26,7.83,52.0,Green,Green,,,TRUE
,,R-50454,GLB|Baby Shrimp Scampi,OK - GLOBAL KITCHEN ,437.0,2282.0063336144444,8.664717969728978,1611.458178852006,173.42,6665.03,522.2,1.98,39.68,1525.18,368.75,Red,Yellow,,TRUE,
,,R-36078,GLB|Beef Vindaloo,OK - GLOBAL KITCHEN ,662.0000000000005,5755.088908853644,45.54740241567434,16867.830103649176,382.54,10144.51,869.35,6.88,57.79,1532.4,2548.01,Red,Red,TRUE,,
,,R-32750,GLB|Chicken Adobo,OK - GLOBAL KITCHEN ,608.0,2560.3740631943574,60.844801566612816,6355.239076565974,302.09,656.16,421.11,10.01,49.69,107.92,1045.27,Red,Red,TRUE,,
,,R-29391,GLB|Chicken Kung Pao,OK - GLOBAL KITCHEN ,462.0,946.7763843767889,17.065529014755224,2551.7545160898144,140.69,4254.39,204.93,3.69,30.45,920.86,552.33,Yellow,Yellow,,TRUE,
,,R-50422,GLB|Lamb Biryani,OK - GLOBAL KITCHEN ,385.0,5578.304460739537,30.42511433427592,18416.741025119783,221.9,782.55,1448.91,7.9,57.64,203.26,4783.57,Red,Red,TRUE,,
,,R-51193,GLB|MonggoGuisado,OK - GLOBAL KITCHEN ,388.0,481.7012372926482,1.8741918801214212,1612.0338022586286,144.99,562.57,124.15,0.48,37.37,144.99,415.47,Green,Green,,,TRUE
,,R-50007,GLB|Pasta|Beef Stroganoff,OK - GLOBAL KITCHEN ,516.0,7903.6810680779845,62.802830058319834,23677.78970096491,369.37,14135.17,1531.72,12.17,71.58,2739.37,4588.72,Red,Red,TRUE,,
,,R-50501,GLB|Pasta|WestCoastSpaghetti,OK - GLOBAL KITCHEN ,425.5,1605.177558939663,7.705652506654836,1047.3996561668146,146.95,5584.52,377.25,1.81,34.54,1312.46,246.16,Yellow,Yellow,,TRUE,
,,R-28260,GLB|Soup|Beef pho,OK - GLOBAL KITCHEN ,591.5920018291004,13344.62954422166,105.37815573399224,40247.06233296508,677.66,20010.22,2255.72,17.81,114.55,3382.44,6803.18,Red,Red,TRUE,,
,,R-35819,GLB|Soup|ChickenDumpling ,OK - GLOBAL KITCHEN ,715.0,1050.836872881224,22.141327510467637,2580.5150130601446,168.76,526.54,146.97,3.1,23.6,73.64,360.91,Green,Green,,,TRUE
,,R-37093,GLB|Spaghetti & Meatballs,OK - GLOBAL KITCHEN ,592.0,6650.010882624717,53.68386461451247,19906.08007426304,335.6,12421.68,1123.31,9.07,56.69,2098.26,3362.51,Red,Red,TRUE,,
Fresh Fare PM , Spagetti Puttanesca,R-50694,GLB|Spaghetti Puttanesca,OK - GLOBAL KITCHEN ,396.5,488.7626485204969,3.7282403785070763,1431.829714919656,77.75,3018.63,123.27,0.94,19.61,761.32,361.12,Green,Green,,,TRUE
,,R-51195,GLB|Sweet & Sour Pork,OK - GLOBAL KITCHEN ,500.0,2042.2448766538303,24.233986229786172,4227.072070903688,443.99,10376.81,408.45,4.85,88.8,2075.36,845.41,Red,Red,TRUE,,
,,R-33532,GLB|Sweet Chili Chicken,OK - GLOBAL KITCHEN ,420.5,852.7615257924704,14.916388369495596,1909.7477209493122,205.76,1220.87,202.8,3.55,48.93,290.34,454.16,Yellow,Yellow,,TRUE,
,,R-50700,GLB|Teriyaki Tofu Bowl,OK - GLOBAL KITCHEN ,549.0,620.5044208966384,3.3005999576681058,1212.6718831753276,146.66,1524.62,113.02,0.6,26.71,277.71,220.89,Green,Green,,,TRUE
,,R-50681,GLB|ThaiStirFry,OK - GLOBAL KITCHEN ,405.0,454.28108510695427,2.729628047171745,929.3105668943804,180.95,2856.46,112.17,0.67,44.68,705.3,229.46,Green,Green,,,TRUE
,,R-51285,SQR|3BeanChili 300g,OK - SQUARE MEAL,300.0,516.66413340353,3.6880399452516284,2470.3284665619485,42.3,1727.13,172.22,1.23,14.1,575.71,823.44,Green,Yellow,,TRUE,
,,R-51201,SQR|BEEF|Skewer,OK - SQUARE MEAL,41.0,183.21209545454545,0.7168,563.8731818181818,4.04,138.13,446.86,1.75,9.85,336.9,1375.3,Red,Yellow,,TRUE,
,,R-51307,SQR|BEEF|Skewer+1,OK - SQUARE MEAL,161.0,340.5889320025069,2.4229306663904806,948.0207441102261,11.75,590.53,211.55,1.5,7.3,366.79,588.83,Yellow,Green,,,TRUE
,,R-51308,SQR|BEEF|Skewer+2,OK - SQUARE MEAL,281.0,497.9657685504684,4.12906133278096,1332.1683064022702,19.45,1042.93,177.21,1.47,6.92,371.15,474.08,Green,Green,,,TRUE
,,R-47340,SQR|Brown Rice 170g,OK - SQUARE MEAL,170.0,214.67259700176368,0.46198955822317106,183.7993827160494,133.52,394.08,126.28,0.27,78.54,231.81,108.12,Green,Green,,,TRUE
,,R-40743,SQR|Grill Farmer Sausage+1,OK - SQUARE MEAL,371.147,2198.688444755617,25.77949661264971,4324.887383250278,311.8,11101.53,592.4,6.95,84.01,2991.14,1165.28,Red,Red,TRUE,,
,,R-41128,SQR|Grill Farmer Sausage+2,OK - SQUARE MEAL,509.147,2295.45606240216,27.2486355622965,4524.054148131495,316.43,11244.79,450.84,5.35,62.15,2208.55,888.56,Red,Red,TRUE,,
,,R-28309,SQR|Grilled Farmer Sausage,OK - SQUARE MEAL,175.0,1690.077144035242,22.6708261168943,3666.462094245051,305.56,9155.42,965.76,12.95,174.61,5231.67,2095.12,Red,Red,TRUE,,
,,R-28313,SQR|Perogies,OK - SQUARE MEAL,220.0,260.86126034229096,1.1562663402731594,446.4607630940614,0.94,917.49,118.57,0.53,0.43,417.04,202.94,Green,Green,,,TRUE
,,R-45152,SQR|Salad|RoastedPineapple ,OK - SQUARE MEAL,160.0,135.58800954497679,1.2586400709432441,439.01838407366665,9.06,350.29,84.74,0.79,5.66,218.93,274.39,Green,Green,,,TRUE
,,R-28318,SQR|Seasonal Vegetable,OK - SQUARE MEAL,140.0,160.20616166351917,2.9842699447933216,292.3306226385314,7.48,179.21,114.43,2.13,5.34,128.01,208.81,Green,Green,,,TRUE
,,R-45151,SQR|Shoyu Chicken +1,OK - SQUARE MEAL,510.0,1902.9958532398064,45.452160865236195,4768.685794950621,214.16,654.54,373.14,8.91,41.99,128.34,935.04,Yellow,Red,TRUE,,
,,R-45153,SQR|Shoyu Chicken +2,OK - SQUARE MEAL,675.0,2078.135578387705,46.31272255480706,5080.111240844652,285.45,1026.72,307.87,6.86,42.29,152.11,752.61,Yellow,Yellow,,TRUE,
Grill PM , Shoyu chicken burger,R-45150,SQR|Shoyu Chicken 340g (2 pc) ,OK - SQUARE MEAL,345.0,1727.865549966436,44.59184605065298,4457.276911555764,142.87,282.35,500.83,12.93,41.41,81.84,1291.96,Red,Red,TRUE,,
,,R-50390,SQR|Shoyu Tofu 150g,OK - SQUARE MEAL,155.0,286.08713799104925,1.0499576122654688,659.0350474842658,2.28,77.48,184.57,0.68,1.47,49.99,425.18,Green,Green,,,TRUE
,,R-51305,SQR|Shoyu Tofu+1,OK - SQUARE MEAL,320.0,461.59739276353764,1.904527647737091,970.769239521099,73.81,449.28,144.25,0.6,23.07,140.4,303.37,Green,Green,,,TRUE
,,R-51306,SQR|Shoyu Tofu+2,OK - SQUARE MEAL,485.0,637.107647536026,2.759097683208713,1282.5034315579323,145.34,821.08,131.36,0.57,29.97,169.29,264.43,Green,Green,,,TRUE
,,R-45200,SQR|STEW|Bo Kho Beef +2,OK - SQUARE MEAL,655.0,5281.638618106553,43.03415812218095,15340.008589702878,346.43,7776.09,806.36,6.57,52.89,1187.19,2341.99,Red,Red,TRUE,,
,,R-45019,SQR|STEW|BoKhoBeef 350g,OK - SQUARE MEAL,350.0,4910.492402335553,39.89263138575834,14883.69910520419,197.87,7199.63,1403.0,11.4,56.53,2057.04,4252.49,Red,Red,TRUE,,
,,R-45199,SQR|STEW|BoKhoBeef+1,OK - SQUARE MEAL,502.5,5096.065510221053,41.463394753969645,15111.853847453534,272.15,7487.86,1014.14,8.25,54.16,1490.12,3007.33,Red,Red,TRUE,,
,,R-45202,SQR|Vegan Pad Thai +2,OK - SQUARE MEAL,675.0,790.6909353875345,3.620893853019322,1255.3948934047203,330.22,1940.43,117.14,0.54,48.92,287.47,185.98,Green,Green,,,TRUE
,,R-44350,SQR|Vegan Pad Thai 350g,OK - SQUARE MEAL,385.0,494.31841543288596,2.551823331477372,804.3061632459902,195.53,1545.48,128.39,0.66,50.79,401.42,208.91,Green,Green,,,TRUE
,,R-45201,SQR|Vegan Pad Thai+1,OK - SQUARE MEAL,530.0,642.1247239110921,3.092103371359933,1029.5252196833799,262.64,1743.34,121.16,0.58,49.55,328.93,194.25,Green,Green,,,TRUE
,,R-56901,SALAD|Green Papaya,OK - SQUARE MEAL,207.0,165.37806588742555,1.189303154606198,387.17338738201056,23.1,1520.17,79.89,0.57,11.16,734.38,187.04,Green,Green,,,TRUE
,,R-51263,SQR|BeefCaldereta 350g,OK - SQUARE MEAL,360.0,6295.072562810726,50.473151216186906,19200.96697158061,265.76,9954.67,1748.63,14.02,73.82,2765.19,5333.6,Red,Red,TRUE,,
,,R-51583,SQR|BeefCaldereta+1,OK - SQUARE MEAL,495.0,6471.555833001664,50.87268201219343,19361.177991261793,333.16,10154.21,1307.39,10.28,67.31,2051.36,3911.35,Red,Red,TRUE,,
,,R-51315,SQR|BeefCaldereta+2,OK - SQUARE MEAL,630.0,6648.039103192603,51.27221280819994,19521.389010942974,400.57,10353.74,1055.24,8.14,63.58,1643.45,3098.63,Red,Red,TRUE,,
,,R-51313,SQR|Chayote Salad Tostadas,OK - SQUARE MEAL,149.00000000000003,373.57062787754484,3.361352395236708,1133.877030395903,61.34,2425.7,250.72,2.26,41.17,1627.99,760.99,Yellow,Yellow,,TRUE,
,,R-45021,SQR|CoconutKale 100g,OK - SQUARE MEAL,100.0,51.37368127013963,0.7502993426323745,170.78826162230973,3.13,140.89,51.37,0.75,3.13,140.89,170.79,Green,Green,,,TRUE
,,R-44975,SQR|Elotes 120g,OK - SQUARE MEAL,120.0,152.04743053128286,0.6311787790531282,299.660923708587,2.43,339.14,126.71,0.53,2.03,282.62,249.72,Green,Green,,,TRUE
,,R-28363,SQR|Mashed Potato 170g,OK - SQUARE MEAL,170.0,208.15332192254175,1.5764447135899815,250.6342486085343,3.64,619.94,122.44,0.93,2.14,364.67,147.43,Green,Green,,,TRUE
,,R-50560,SQR|Pulled Pork Tostada,OK - SQUARE MEAL,234.00000000000003,1767.5664248121245,20.579993049234876,3867.1916771170854,285.66,9892.58,755.37,8.79,122.08,4227.6,1652.65,Red,Red,TRUE,,
,,R-51311,SQR|Pulled Pork Tostada+1,OK - SQUARE MEAL,379.0,1976.615203037415,21.34169926325676,4662.3539056887275,312.86,10188.25,521.53,5.63,82.55,2688.19,1230.17,Red,Red,TRUE,,
,,R-51312,SQR|Pulled Pork Tostada+2,OK - SQUARE MEAL,524.0,2185.6639812627054,22.103405477278645,5457.51613426037,340.07,10483.92,417.11,4.22,64.9,2000.75,1041.51,Red,Red,TRUE,,
,,R-45744,SQR|Rice And Beans 170g,OK - SQUARE MEAL,170.0,266.0501259192983,0.8922336489906411,1290.6635334346977,51.99,252.2,156.5,0.52,30.58,148.35,759.21,Green,Green,,,TRUE
,,R-34024,SQR|Roast|Cauliflower|Wedge,OK - SQUARE MEAL,280.0,258.53982779776277,1.5670517264742372,953.7363480524366,18.27,985.39,92.34,0.56,6.52,351.92,340.62,Green,Green,,,TRUE
,,R-51309,SQR|Roast|Cauliflower|Wedge+1,OK - SQUARE MEAL,435.0,450.32337681735567,3.730010904181504,1232.5778549171569,24.74,1508.54,103.52,0.86,5.69,346.79,283.35,Green,Green,,,TRUE
,,R-51310,SQR|Roast|Cauliflower|Wedge+2,OK - SQUARE MEAL,590.0,642.1069258369487,5.8929700818887705,1511.4193617818771,31.21,2031.7,108.83,1.0,5.29,344.36,256.17,Green,Green,,,TRUE
,,R-45190,SQR|Thai Chicken Thigh +1,OK - SQUARE MEAL,195.5,197.82257965617526,1.012428377105599,304.83082167775524,79.15,957.57,101.19,0.52,40.49,489.81,155.92,Green,Green,,,TRUE
,,R-45191,SQR|Thai Chicken Thigh +2,OK - SQUARE MEAL,384.0,388.22786259988806,1.832329954408698,590.6425153687605,157.7,1914.31,101.1,0.48,41.07,498.52,153.81,Green,Green,,,TRUE
,,R-45020,SQR|Thai Chicken Thighs,OK - SQUARE MEAL,505.0,1816.787429992463,47.148149999802506,4688.79699998675,149.73,200.78,359.76,9.34,29.65,39.76,928.47,Yellow,Red,TRUE,,
,,R-49260,SQR|TOFU|Thai Green Curry ,OK - SQUARE MEAL,364.0,373.3751395467322,1.5647746553490358,880.9520890454521,3.4,82.57,102.58,0.43,0.93,22.68,242.02,Green,Green,,,TRUE
,,R-49262,SQR|TOFU|Thai Green Curry+1,OK - SQUARE MEAL,519.0,604.5996958027162,2.2095013732361313,1909.553943668783,70.16,279.65,116.49,0.43,13.52,53.88,367.93,Green,Green,,,TRUE
,,R-49263,SQR|TOFU|Thai Green Curry+2,OK - SQUARE MEAL,664.0,823.196452235067,2.827052234757158,2927.344069897052,129.07,453.54,123.98,0.43,19.44,68.3,440.87,Green,Green,,,TRUE
,,R-50450,SQR|VeganMenudo 325g,OK - SQUARE MEAL,343.0,410.50084069167826,2.721665419729749,1406.520595724803,9.73,314.19,119.68,0.79,2.84,91.6,410.06,Green,Green,,,TRUE
,,R-51584,SQR|VeganMenudo+1,OK - SQUARE MEAL,483.0,593.3203608826168,3.1344462157362667,1572.1566154059847,81.07,525.29,122.84,0.65,16.78,108.76,325.5,Green,Green,,,TRUE
,,R-51316,SQR|VeganMenudo+2,OK - SQUARE MEAL,623.0,776.1398810735554,3.5472270117427844,1737.7926350871667,152.42,736.39,124.58,0.57,24.47,118.2,278.94,Green,Green,,,TRUE
,,R-51314,SQU|Chayote Salad Tostadas+1,OK - SQUARE MEAL,294.0,582.6194061028355,4.123058609258592,1929.0392589675455,88.55,2721.37,198.17,1.4,30.12,925.64,656.14,Yellow,Yellow,,TRUE,
,,R-50440,SQU|Chayote Salad Tostadas+2,OK - SQUARE MEAL,439.0,791.6681843281259,4.884764823280477,2724.201487539188,115.75,3017.04,180.33,1.11,26.37,687.25,620.55,Green,Green,,,TRUE
,,R-36043,SQR|AlooGobi 225g,OK - SQUARE MEAL,225.0,175.12292160030762,1.8192102777682841,358.89041534518117,8.43,445.29,77.83,0.81,3.75,197.91,159.51,Green,Green,,,TRUE
,,R-28337,SQR|Braised Brisket 115g,OK - SQUARE MEAL,175.0,6444.881475192309,50.95107506410257,19672.55925641026,259.31,9502.72,3682.79,29.11,148.18,5430.13,11241.46,Red,Red,TRUE,,
,,R-38628,SQR|Braised Brisket+1,OK - SQUARE MEAL,329.0,6702.812479793417,53.28716135945733,20097.20040641512,269.0,10165.71,2037.33,16.2,81.76,3089.88,6108.57,Red,Red,TRUE,,
,,R-38629,SQR|Braised Brisket+2,OK - SQUARE MEAL,480.0,6960.330916916177,55.4435293737936,20519.552973327045,278.58,10854.47,1450.07,11.55,58.04,2261.35,4274.91,Red,Red,TRUE,,
,,R-28323,SQR|Butter Chicken,OK - SQUARE MEAL,445.0,1514.5933364676898,27.078578876744853,2978.0448601781304,229.26,2289.4,340.36,6.09,51.52,514.47,669.22,Yellow,Yellow,,TRUE,
,,R-37050,SQR|Butter Chicken+1,OK - SQUARE MEAL,620.5,1671.7658114014546,28.641072650479423,3335.3161828938564,248.1,2998.4,269.42,4.62,39.98,483.22,537.52,Yellow,Yellow,,TRUE,
,,R-37051,SQR|Butter Chicken+2,OK - SQUARE MEAL,795.0,1828.1599622392175,30.195481045201692,3690.992437096937,266.91,3705.41,229.96,3.8,33.57,466.09,464.28,Yellow,Yellow,,TRUE,
,,R-32868,SQR|Chicken Fried Rice 170g,OK - SQUARE MEAL,170.0,443.32295169776603,8.052654550133637,968.929558595947,97.14,570.16,260.78,4.74,57.14,335.39,569.96,Yellow,Yellow,,TRUE,
,,R-32195,SQR|Creamed Corn 170g,OK - SQUARE MEAL,170.0,488.6908171035016,2.962100971641485,720.4629580819668,14.81,1473.3,287.47,1.74,8.71,866.65,423.8,Yellow,Yellow,,TRUE,
,,R-28324,SQR|Garlic Naan Bread,OK - SQUARE MEAL,125.0,138.4437041712202,1.2976918906885542,354.0571615736253,29.23,970.71,110.75,1.04,23.38,776.57,283.25,Green,Green,,,TRUE
,,R-55648,SQR|Mushroom Bao,OK - SQUARE MEAL,86.2,87.04560833792554,0.8679649115316064,216.296454649959,5.65,229.38,100.98,1.01,6.55,266.1,250.92,Green,Green,,,TRUE
,,R-46844,SQR|Mushroom Bao+1,OK - SQUARE MEAL,241.2,212.6165553912852,1.9355839646887736,476.1882867220694,45.61,513.24,88.15,0.8,18.91,212.79,197.42,Green,Green,,,TRUE
,,R-46845,SQR|Mushroom Bao+2,OK - SQUARE MEAL,396.2,338.1875024446449,3.003203017845941,736.0801187941797,85.57,797.09,85.36,0.76,21.6,201.18,185.78,Green,Green,,,TRUE
,,R-35735,SQR|MushroomBao,OK - SQUARE MEAL,86.2,87.04560833792554,0.8679649115316064,216.296454649959,5.65,229.38,100.98,1.01,6.55,266.1,250.92,Green,Green,,,TRUE
,,R-42369,SQR|Paneer TikaMasala+1,OK - SQUARE MEAL,570.5,982.6322622843655,7.223249087771695,1375.087310082938,217.11,4917.14,172.24,1.27,38.06,861.9,241.03,Green,Green,,,TRUE
,,R-42370,SQR|Paneer TikaMasala+2,OK - SQUARE MEAL,745.0,1139.0264131221288,8.77765748249396,1730.7635642860187,235.92,5624.15,152.89,1.18,31.67,754.92,232.32,Green,Green,,,TRUE
,,R-42358,SQR|PaneerTikaMasala,OK - SQUARE MEAL,395.0,825.4597873506009,5.660755314037123,1017.8159873672122,198.27,4208.15,208.98,1.43,50.19,1065.35,257.67,Yellow,Yellow,,TRUE,
,,R-51267,SQR|PapayaAtchara 100g,OK - SQUARE MEAL,100.0,137.53404038187716,0.34856159201303566,135.97203936236363,0.81,5.75,137.53,0.35,0.81,5.75,135.97,Green,Green,,,TRUE
,,R-32866,SQR|Pork Belly Bao,OK - SQUARE MEAL,66.0,691.7847604785841,9.340887721389391,1497.136268131354,124.1,3739.76,1048.16,14.15,188.03,5666.3,2268.39,Red,Red,TRUE,,
,,R-40745,SQR|Pork Belly Bao+1,OK - SQUARE MEAL,221.0,817.3557075319437,10.408506774546558,1757.0281002034644,164.06,4023.61,369.84,4.71,74.24,1820.64,795.04,Yellow,Red,TRUE,,
,,R-40746,SQR|Pork Belly Bao+2,OK - SQUARE MEAL,376.0,942.9266545853035,11.476125827703726,2016.9199322755749,204.02,4307.47,250.78,3.05,54.26,1145.6,536.41,Yellow,Yellow,,TRUE,
,,R-38519,SQR|RoastPotatoSalad 150g,OK - SQUARE MEAL,150.0,191.0009523403581,1.519268851473625,340.5969265565375,8.14,525.49,127.33,1.01,5.43,350.33,227.06,Green,Green,,,TRUE
,,R-28338,SQR|Slow Roasted Ribs 170g,OK - SQUARE MEAL,230.0,2121.496408289807,28.040211064023428,4584.634773583412,380.0,11503.94,922.39,12.19,165.22,5001.71,1993.32,Red,Red,TRUE,,
,,R-40749,SQR|Slow Roasted Ribs+1,OK - SQUARE MEAL,345.0,2240.0210733964636,28.728542669920586,5199.414363765379,382.32,11602.68,649.28,8.33,110.82,3363.1,1507.08,Red,Red,TRUE,,
,,R-40750,SQR|Slow Roasted Ribs+2,OK - SQUARE MEAL,490.0,2382.085869114692,29.67361680046249,5888.040678540537,385.96,11757.71,486.14,6.06,78.77,2399.53,1201.64,Red,Red,TRUE,,
,,R-28343,SQR|SmokedCheddarMac&Chz ,OK - SQUARE MEAL,400.0,1770.2627387199996,18.125775429777775,2428.203359733333,312.85,15201.8,442.57,4.53,78.21,3800.45,607.05,Red,Red,TRUE,,
,,R-40751,SQR|SmokedCheddarMac+1,OK - SQUARE MEAL,535.0,1999.4672022719296,19.23359937697422,2806.970592069252,304.77,15251.08,373.73,3.6,56.97,2850.67,524.67,Yellow,Red,TRUE,,
,,R-40752,SQR|SmokedCheddarMac+2,OK - SQUARE MEAL,695.0,2339.3130869938595,21.474284288531777,3337.500534388504,316.24,16250.48,336.59,3.09,45.5,2338.2,480.22,Yellow,Red,TRUE,,
,,R-32869,SQR|Stirfried Mix Veg 170g,OK - SQUARE MEAL,170.0,92.3252485197276,1.3985521877340048,265.9884459376959,6.66,247.18,54.31,0.82,3.92,145.4,156.46,Green,Green,,,TRUE
,,R-28340,SQR|Baked Beans 140g,OK - SQUARE MEAL,140.0,166.42893837860083,0.6064356378600824,1008.0190065843623,0.64,28.57,118.88,0.43,0.46,20.41,720.01,Green,Green,,,TRUE
,,R-51464,SQR|Beef Short Ribs 150g,OK - SQUARE MEAL,150.0,7332.540179388593,58.58369640755199,22392.07764626165,297.43,10882.59,4888.36,39.06,198.29,7255.06,14928.05,Red,Red,TRUE,,
,,R-51465,SQR|Beef Short Ribs+1,OK - SQUARE MEAL,285.0,7496.334505238105,59.96010120069295,22702.584222849688,305.21,11407.29,2630.29,21.04,107.09,4002.56,7965.82,Red,Red,TRUE,,
,,R-62506,SQR|Grilled Tofu,OK - SQUARE MEAL,145.0,279.48186183280535,1.3611288844686438,678.0113531527134,18.9,587.71,192.75,0.94,13.03,405.32,467.59,Yellow,Green,,,TRUE
,,R-57390,SQR|Grilled tofu +1,OK - SQUARE MEAL,340.0,523.5008619271605,1.9368059630801069,1364.1921177374247,70.64,468.22,153.97,0.57,20.78,137.71,401.23,Green,Green,,,TRUE
,,R-57391,SQR|Grilled tofu +2,OK - SQUARE MEAL,470.0,664.9128709058361,2.667199826995671,1600.0365942485682,137.01,814.93,141.47,0.57,29.15,173.39,340.43,Green,Green,,,TRUE
,,R-35869,SQR|JamaicanCalaloo 125g,OK - SQUARE MEAL,125.0,119.2771790011763,1.4574503767568843,341.8280814760365,9.1,449.34,95.42,1.17,7.28,359.47,273.46,Green,Green,,,TRUE
,,R-50406,SQR|Lentil&SquashStew 210g,OK - SQUARE MEAL,211.0,154.65589210623986,1.2502547993949549,630.4050845117043,7.05,338.96,73.3,0.59,3.34,160.64,298.77,Green,Green,,,TRUE
,,R-51461,SQR|Lentil&SquashStew+1,OK - SQUARE MEAL,346.0,340.86533037409765,2.98778948518354,1476.6758220083302,15.13,523.05,98.52,0.86,4.37,151.17,426.78,Green,Green,,,TRUE
,,R-51462,SQR|Lentil&SquashStew+2,OK - SQUARE MEAL,481.0,527.0747686419554,4.725324170972125,2322.946559504956,23.22,707.15,109.58,0.98,4.83,147.02,482.94,Green,Green,,,TRUE
,,R-37055,SQR|Porchetta +1,OK - SQUARE MEAL,285.0,1984.42068352374,26.133879123709526,4139.400288546318,334.72,10443.13,696.29,9.17,117.45,3664.26,1452.42,Red,Red,TRUE,,
,,R-37056,SQR|Porchetta +2,OK - SQUARE MEAL,440.0,2176.204232543333,28.296838301416795,4418.241795411038,341.19,10966.29,494.59,6.43,77.54,2492.34,1004.15,Red,Red,TRUE,,
,,R-35815,SQR|Porchetta 130g,OK - SQUARE MEAL,130.0,1792.637134504147,23.97091994600226,3860.5587816815973,328.25,9919.98,1378.95,18.44,252.5,7630.75,2969.66,Red,Red,TRUE,,
,,R-51463,SQR|Quinoa|Mediterranean 150g,OK - SQUARE MEAL,150.0,235.09930939555628,0.9171237046114662,1441.9723698745104,9.77,214.58,156.73,0.61,6.51,143.05,961.31,Green,Green,,,TRUE
,,R-51319,SQR|Roasted|Squash 150g,OK - SQUARE MEAL,150.0,122.78318250728861,1.806674198250729,308.36166180758016,18.59,671.93,81.86,1.2,12.39,447.95,205.57,Green,Green,,,TRUE
,,R-51280,SQR|RockfishBlackened 150g,OK - SQUARE MEAL,180.0,1332.5929488644742,15.094525100759999,2450.183527836,332.68,1790.73,740.33,8.39,184.82,994.85,1361.21,Red,Red,TRUE,,
,,R-51459,SQR|RockfishBlackened+1,OK - SQUARE MEAL,325.0,1534.475674425369,16.893201366856015,3392.585756657593,341.42,1989.13,472.15,5.2,105.05,612.04,1043.87,Red,Red,TRUE,,
,,R-51460,SQR|RockfishBlackened+2,OK - SQUARE MEAL,445.0,1730.619514038344,18.631933601648935,4325.694837023134,350.27,2190.21,388.9,4.19,78.71,492.18,972.07,Red,Yellow,,TRUE,
,,R-41073,SQR|SambalSoyGreenBeans,OK - SQUARE MEAL,138.0,243.45561456268223,0.8601006763848396,1772.3386986880464,0.23,11.71,176.42,0.62,0.17,8.49,1284.3,Green,Yellow,,TRUE,
,,R-51279,SQR|SeafoodNewberg 210g,OK - SQUARE MEAL,210.0,1354.334348672669,10.624521616269243,1042.7504509991863,203.46,3281.26,644.92,5.06,96.89,1562.5,496.55,Red,Red,TRUE,,
,,R-51317,SQR|SeafoodNewberg+1,OK - SQUARE MEAL,360.0,1516.4520795528997,11.484688739148279,1319.276785775521,278.4,3683.4,421.24,3.19,77.33,1023.17,366.47,Red,Yellow,,TRUE,
,,R-51318,SQR|SeafoodNewberg+2,OK - SQUARE MEAL,510.0,1678.5698104331304,12.344855862027314,1595.8031205518557,353.34,4085.54,329.13,2.42,69.28,801.09,312.9,Yellow,Yellow,,TRUE,
,,R-49499,"SQR|Seitan""Ribs"" 125g",OK - SQUARE MEAL,155.0,158.4053407451923,1.218983086359789,497.59629567307695,27.37,851.21,102.2,0.79,17.66,549.17,321.03,Green,Green,,,TRUE
,,R-49500,"SQR|Seitan""Ribs""+1",OK - SQUARE MEAL,290.0,303.64394301510436,2.28007510120341,1179.3564013327968,32.42,1099.16,104.7,0.79,11.18,379.02,406.67,Green,Green,,,TRUE
,,R-49501,"SQR|Seitan""Ribs""+2",OK - SQUARE MEAL,425.0,448.8825452850165,3.341167116047031,1861.1165069925173,37.47,1347.1,105.62,0.79,8.82,316.96,437.91,Green,Green,,,TRUE
,,R-59717,SQR|Spicy Soy Green Beans.,OK - SQUARE MEAL,153.0,270.003098367347,0.9487575204081632,1973.0605908163263,0.23,11.72,176.47,0.62,0.15,7.66,1289.58,Green,Yellow,,TRUE,
,,R-41084,SQR|Spicy Soy Salmon 100g,OK - SQUARE MEAL,115.0,744.4803149246048,10.177864979607104,1156.4149206458137,224.63,1232.45,647.37,8.85,195.33,1071.7,1005.58,Red,Red,TRUE,,
,,R-41085,SQR|Spicy Soy Salmon+1,OK - SQUARE MEAL,276.5,987.1981141082783,10.877493739811186,2235.1702160539767,291.74,1434.96,357.03,3.93,105.51,518.97,808.38,Yellow,Yellow,,TRUE,
,,R-41086,SQR|Spicy Soy Salmon+2,OK - SQUARE MEAL,438.0,1229.9159132919517,11.577122500015268,3313.92551146214,358.86,1637.48,280.8,2.64,81.93,373.85,756.6,Yellow,Yellow,,TRUE,
,,R-51320,SQR|Steamed|Broccoli 150g,OK - SQUARE MEAL,150.0,121.16883116883118,1.538961038961039,448.05194805194805,10.62,483.78,80.78,1.03,7.08,322.52,298.7,Green,Green,,,TRUE
,,R-51466,SRQ|Beef Short Ribs+2,OK - SQUARE MEAL,420.0,7660.128831087617,61.3365059938339,23013.090799437723,312.99,11931.99,1823.84,14.6,74.52,2840.95,5479.31,Red,Red,TRUE,,
,,R-61655,GRL|Salad|Caesar|SIDE,OK - GRILL KITCHEN DAY,145.5,284.55921915911665,2.2347582234472596,755.7492722191287,33.55,1517.32,195.57,1.54,23.06,1042.83,519.42,Yellow,Yellow,,TRUE,
,,R-44968,"SQR |Tofu""Schnitzel"" 150g",OK - SQUARE MEAL,210.0,652.5095061354427,5.799240426571968,1433.1436262566726,66.18,2241.47,310.72,2.76,31.51,1067.37,682.45,Yellow,Yellow,,TRUE,
,,R-45136,SQR|3BeanChili+1,OK - SQUARE MEAL,455.0,715.7545471447551,5.54514594887106,2818.8434006683497,45.98,2262.68,157.31,1.22,10.11,497.29,619.53,Green,Green,,,TRUE
,,R-45138,SQR|3BeanChili+2 ,OK - SQUARE MEAL,605.0,911.6802508289318,7.350274229111632,3158.331540925741,49.64,2797.85,150.69,1.21,8.2,462.45,522.04,Green,Green,,,TRUE
,,R-33891,SQR|Beets|Roasted 180g,OK - SQUARE MEAL,180.0,126.01230482206546,1.7872471159622711,282.9730366870385,2.53,15.96,70.01,0.99,1.41,8.87,157.21,Green,Green,,,TRUE
,,R-37077,SQR|CarvedRoastBeef +1,OK - SQUARE MEAL,330.0,8818.326476996483,70.93766589715813,26694.58529464048,355.48,13191.41,2672.22,21.5,107.72,3997.4,8089.27,Red,Red,TRUE,,
,,R-37078,SQR|CarvedRoastBeef +2,OK - SQUARE MEAL,475.0,8991.062921527833,73.00486108743597,26945.18697150412,360.5,13578.18,1892.86,15.37,75.89,2858.56,5672.67,Red,Red,TRUE,,
,,R-28362,SQR|CarvedRoastBeef 125g,OK - SQUARE MEAL,185.0,8645.590032465132,68.87047070688028,26443.983617776845,350.46,12804.63,4673.29,37.23,189.44,6921.42,14294.05,Red,Red,TRUE,,
,,R-38518,SQR|Citrus Cous-Cous 170g,OK - SQUARE MEAL,170.0,140.85145377699214,1.1961450685976174,473.6894770001626,31.23,960.76,82.85,0.7,18.37,565.15,278.64,Green,Green,,,TRUE
,,R-42351,SQR|CurriedSpaghettiSquash200g,OK - SQUARE MEAL,200.0,134.39297936901525,1.780792844721564,369.3553198133801,15.08,543.67,67.2,0.89,7.54,271.83,184.68,Green,Green,,,TRUE
,,R-44963,SQR|Dijon&HerbSpaetzle 200g,OK - SQUARE MEAL,202.0,180.65142959183672,1.4620532312925167,595.5169387755102,38.47,1244.25,89.43,0.72,19.04,615.97,294.81,Green,Green,,,TRUE
,,R-38517,SQR|LemonRosemaryChicken 115g,OK - SQUARE MEAL,175.0,946.4523792496018,16.638490308742576,1943.6913526225944,52.28,1581.11,540.83,9.51,29.87,903.49,1110.68,Red,Red,TRUE,,
,,R-38621,SQR|LemonRosemaryChicken+1,OK - SQUARE MEAL,310.0,1077.2525100742369,18.445174201900844,2277.9565567996838,69.26,2081.78,347.5,5.95,22.34,671.54,734.82,Yellow,Yellow,,TRUE,
,,R-38633,SQR|LemonRosemaryChicken+2,OK - SQUARE MEAL,445.0,1208.0526408988717,20.25185809505912,2612.2217609767736,86.24,2582.45,271.47,4.55,19.38,580.33,587.02,Yellow,Yellow,,TRUE,
,,R-33889,SQR|PorkSchnitzel 115g,OK - SQUARE MEAL,175.0000287500072,1249.7670442883489,16.0104992494958,2609.4898492231105,212.94,6663.97,714.15,9.15,121.68,3807.98,1491.14,Red,Red,TRUE,,
,,R-34112,SQR|PorkSchnitzel&Gravy +1,OK - SQUARE MEAL,335.00002875000723,1399.842142654347,17.92719869862491,3022.0728711702363,233.82,7282.44,417.86,5.35,69.8,2173.86,902.11,Red,Red,TRUE,,
,,R-34113,SQR|PorkSchnitzel&Gravy+2,OK - SQUARE MEAL,495.00002875000723,1549.9172410203448,19.84389814775402,3434.655893117362,254.71,7900.91,313.11,4.01,51.46,1596.14,693.87,Yellow,Yellow,,TRUE,
,,R-51585,SQR|Roasted Garlic Bread,OK - SQUARE MEAL,80.0,216.72335863636494,2.0549973863636493,347.8837500000043,33.01,1433.55,270.9,2.57,41.26,1791.94,434.85,Yellow,Yellow,,TRUE,
,,R-47302,SQR|Roasted Squash Penne,OK - SQUARE MEAL,300.0,500.43435863435235,4.802209763198782,1136.7441360857458,78.59,3221.37,166.81,1.6,26.2,1073.79,378.91,Green,Yellow,,TRUE,
,,R-37057,SQR|Roasted Squash Penne +1,OK - SQUARE MEAL,460.0,830.9473980183856,7.682345387379309,1576.9542700404654,93.69,4531.59,180.64,1.67,20.37,985.13,342.82,Green,Yellow,,TRUE,
,,R-37058,SQR|Roasted Squash Penne +2,OK - SQUARE MEAL,620.0,1161.4604374024186,10.562481011559836,2017.1644039951848,108.79,5841.81,187.33,1.7,17.55,942.23,325.35,Green,Yellow,,TRUE,
,,R-28393,SQR|RoastedSquashPenne,OK - SQUARE MEAL,300.0,500.43435863435235,4.802209763198782,1136.7441360857458,78.59,3221.37,166.81,1.6,26.2,1073.79,378.91,Green,Yellow,,TRUE,
,,R-51469,SQR|Salad|WarmCarrot,OK - SQUARE MEAL,150.0,93.69024041069704,1.313287114646324,179.48288291039725,10.36,618.56,62.46,0.88,6.91,412.37,119.66,Green,Green,,,TRUE
,,R-35799,SQR|STEW|Tomato Spanish 350g,OK - SQUARE MEAL,250.0,290.66063205558544,2.108267084924613,1197.2089787812786,12.68,656.51,116.26,0.84,5.07,262.6,478.88,Green,Green,,,TRUE
,,R-45125,SQR|STEW|Tomato Spanish+1,OK - SQUARE MEAL,410.0,407.93147914943,3.362983176546584,1523.7951587365585,33.47,1446.16,99.5,0.82,8.16,352.72,371.66,Green,Green,,,TRUE
,,R-45126,SQR|STEW|TomatoSpanish +2,OK - SQUARE MEAL,570.0,525.2023262432746,4.617699268168554,1850.3813386918382,54.26,2235.82,92.14,0.81,9.52,392.25,324.63,Green,Green,,,TRUE
,,R-51468,SQR|Tandoori Chicken Leg +1,OK - SQUARE MEAL,527.5,1779.385707236874,38.057158045779374,4028.641709167331,276.23,1762.26,337.32,7.21,52.37,334.08,763.72,Yellow,Yellow,,TRUE,
,,R-42368,SQR|Tandoori Chicken Leg +2,OK - SQUARE MEAL,650.0,1888.9254531331885,39.24024184454012,4316.476885898158,295.37,2410.72,290.6,6.04,45.44,370.88,664.07,Yellow,Yellow,,TRUE,
,,R-51467,SQR|Tandoori Chicken Leg 225g,OK - SQUARE MEAL,405.0,1669.8459613405594,36.874074247018626,3740.8065324365043,257.1,1113.8,412.31,9.1,63.48,275.01,923.66,Red,Red,TRUE,,
,,R-45164,"SQR|Tofu""Schnitzel""+1",OK - SQUARE MEAL,370.0,802.5846045014407,7.715939875701078,1845.7266482037985,87.06,2859.94,216.91,2.09,23.53,772.96,498.85,Yellow,Yellow,,TRUE,
,,R-45165,"SQR|Tofu""Schnitzel""+2",OK - SQUARE MEAL,535.0,958.3813514982787,9.739220394287093,2268.750049530872,108.21,3484.81,179.14,1.82,20.23,651.37,424.07,Green,Green,,,TRUE
,,R-37083,SQR|Vegetable Lasagna+1,OK - SQUARE MEAL,414.75,1125.181637685029,11.140373278463722,1894.9138524836524,173.64,8293.1,271.29,2.69,41.87,1999.54,456.88,Yellow,Yellow,,TRUE,
,,R-37084,SQR|Vegetable Lasagna+2,OK - SQUARE MEAL,527.5,1375.8229265827695,13.285251083369177,2446.730363593219,206.92,9768.53,260.82,2.52,39.23,1851.85,463.84,Yellow,Yellow,,TRUE,
,,R-28396,SQR|Vegetarian Lasagna 250g,OK - SQUARE MEAL,302.0,874.5403487872882,8.995495473558268,1343.097341374086,140.36,6817.66,289.58,2.98,46.48,2257.5,444.73,Yellow,Yellow,,TRUE,
,,R-28398,GRL|Potato|Roasted 150g,OK - GRILL KITCHEN BREAKFAST,150.0,66.17023998542274,0.8110926749271138,89.3223335276968,0.43,12.72,44.11,0.54,0.29,8.48,59.55,Green,Green,,,TRUE
,,R-50420,SQR|CajunTurkeyBreast 125g,OK - SQUARE MEAL,150.0,1159.1263719387757,23.218222551020407,2762.7926020408163,89.45,1202.44,772.75,15.48,59.63,801.63,1841.86,Red,Red,TRUE,,
,,R-51476,SQR|CajunTurkeyBreast+1,OK - SQUARE MEAL,295.0,1331.8628164701263,25.28541774129825,3013.394278904454,94.47,1589.22,451.48,8.57,32.02,538.72,1021.49,Red,Red,TRUE,,
,,R-51478,SQR|CajunTurkeyBreast+2,OK - SQUARE MEAL,440.0,1504.5992610014764,27.352612931576093,3263.995955768092,99.49,1975.99,341.95,6.22,22.61,449.09,741.82,Yellow,Yellow,,TRUE,
,,R-37081,SQR|House Roast Chicken+1,OK - SQUARE MEAL,380.0,1474.219017769593,35.05336933395727,3641.94306936472,113.23,794.8,387.95,9.22,29.8,209.16,958.41,Red,Red,TRUE,,
,,R-37082,SQR|House Roast Chicken+2,OK - SQUARE MEAL,535.0,1666.0025667891857,37.21632851166453,3920.78457622944,119.7,1317.95,311.4,6.96,22.37,246.35,732.86,Yellow,Yellow,,TRUE,
,,R-28355,SQR|House Roasted Chicken 200g,OK - SQUARE MEAL,225.0,1282.43546875,32.89041015625,3363.1015625,106.76,271.64,569.97,14.62,47.45,120.73,1494.71,Red,Red,TRUE,,
,,R-35910,SQR|PASTA|SundriedTomato 250g,OK - SQUARE MEAL,266.0,430.5236134384703,3.3058060572724957,1222.7513538574062,70.63,2897.31,161.85,1.24,26.55,1089.21,459.68,Green,Yellow,,TRUE,
,,R-51471,SQR|PASTA|SundriedTomato+1,OK - SQUARE MEAL,366.0,607.5450763267324,5.612277583937172,1521.9777814167792,90.34,3690.9,166.0,1.53,24.68,1008.44,415.84,Green,Yellow,,TRUE,
,,R-51472,SQR|PASTA|SundriedTomato+2,OK - SQUARE MEAL,466.0,784.5665392149946,7.9187491106018495,1821.2042089761517,110.05,4484.48,168.36,1.7,23.62,962.33,390.82,Green,Yellow,,TRUE,
,,R-50727,SQR|Pork Loin|Dijon 125g,OK - SQUARE MEAL,185.0,1533.0839011764704,19.68849823529412,3342.9518823529415,271.97,8028.13,828.69,10.64,147.01,4339.53,1807.0,Red,Red,TRUE,,
,,R-51473,SQR|Pork Loin|Dijon+1,OK - SQUARE MEAL,330.0,1683.4158193377411,20.923033712089108,3587.8023906572084,275.7,8427.96,510.13,6.34,83.55,2553.93,1087.21,Red,Red,TRUE,,
,,R-51474,SQR|Pork Loin|Dijon+2,OK - SQUARE MEAL,475.0,1833.7477374990121,22.1575691888841,3832.652898961476,279.43,8827.79,386.05,4.66,58.83,1858.48,806.87,Red,Red,TRUE,,
,,R-32313,SQR|Potatoes|Roasted 150g,OK - SQUARE MEAL,150.0,66.17023998542274,0.8110926749271138,89.3223335276968,0.43,12.72,44.11,0.54,0.29,8.48,59.55,Green,Green,,,TRUE
,,R-51475,SQR|SAUCE|Apple 125ml,OK - SQUARE MEAL,125.0,56.573874999999994,0.2716875,91.1375,11.66,104.19,45.26,0.22,9.33,83.35,72.91,Green,Green,,,TRUE
,,R-51295,SQR|TOFU|RoastedCajun 115g,OK - SQUARE MEAL,115.0,322.80287394957986,0.8535705882352941,854.5988235294118,1.1,6.21,280.7,0.74,0.96,5.4,743.13,Yellow,Green,,,TRUE
,,R-51480,SQR|TOFU|RoastedCajun+1,OK - SQUARE MEAL,260.0,495.5393184809304,2.920765778513137,1105.2005003930494,6.12,392.98,190.59,1.12,2.35,151.15,425.08,Green,Green,,,TRUE
,,R-51481,SQR|TOFU|RoastedCajun+2,OK - SQUARE MEAL,405.0,668.2757630122809,4.987960968790979,1355.8021772566872,11.14,779.76,165.01,1.23,2.75,192.53,334.77,Green,Green,,,TRUE
,,R-32742,VEG|ApplePieOvernightOats,OK - VEGETARIAN KITCHEN,345.0,411.1590847763461,1.366375301710432,823.5757959003276,155.37,8793.57,119.18,0.4,45.03,2548.86,238.72,Green,Yellow,,TRUE,
,,R-51020,VEG|BreakfastBiscuit,OK - VEGETARIAN KITCHEN,229.00000000000188,929.9658400000076,4.4588000000000365,1393.6040000000114,70.37,6144.26,406.1,1.95,30.73,2683.08,608.56,Red,Red,TRUE,,
,,R-38586,VEG|EggsBenny,OK - SIDES,342.0000187500047,931.6223389578117,11.628890301183578,1985.9464814012656,146.11,5003.58,272.4,3.4,42.72,1463.04,580.69,Yellow,Yellow,,TRUE,
,,R-41042,VEG|FrenchToast,OK - SIDES,334.70000000000016,770.2922218660312,9.126249284954836,1539.3423779904388,138.45,5139.07,230.14,2.73,41.37,1535.43,459.92,Yellow,Yellow,,TRUE,
Grill AM , Heuvos Ranchos Wrap,R-48488,VEG|Huevos Rancheros,OK - VEGETARIAN KITCHEN,231.00000000000017,568.9354385808475,6.743012821173433,1381.9620169912603,96.8,3514.85,246.29,2.92,41.9,1521.58,598.25,Yellow,Yellow,,TRUE,
,,R-48632,VEG|HuevosRancheros|2 serv,OK - VEGETARIAN KITCHEN,462.00000000000034,1137.870877161695,13.486025642346865,2763.9240339825205,193.6,7029.69,246.29,2.92,41.9,1521.58,598.25,Yellow,Yellow,,TRUE,
,,R-43734,VEG|SavorySteelCutOats,OK - VEGETARIAN KITCHEN,445.0000054400009,604.8833540938241,8.199327787054568,1301.1603522735438,105.29,3284.35,135.93,1.84,23.66,738.06,292.4,Green,Green,,,TRUE
,,R-27273,VEG|Toast|OK Avocado,OK - VEGETARIAN KITCHEN,225.10000000000025,249.91776155001972,2.0161236915097716,509.55734668657965,41.09,1775.94,111.03,0.9,18.25,788.96,226.37,Green,Green,,,TRUE
,,R-50800,VEG|TOAST|Ricotta Butternut,OK- VEGETARIAN KITCHEN FEATURE,195.00000000000023,569.1903598930334,5.635913835327238,958.9763701618591,115.64,5657.46,291.89,2.89,59.3,2901.26,491.78,Yellow,Red,TRUE,,
,,R-49250,GLB|Miso Glazed Eggplant &Tofu,OK - GLOBAL KITCHEN ,562.0,576.1619632309162,3.265097521285894,1021.9355957621723,126.12,1441.36,102.52,0.58,22.44,256.47,181.84,Green,Green,,,TRUE
,,R-28293,GRL|Crispy Chicken Strips,OK - GRILL KITCHEN DAY,352.5000000000016,1244.7581142857211,30.446485714285878,3432.754285714305,98.86,331.61,353.12,8.64,28.05,94.07,973.83,Yellow,Red,TRUE,,
,,R-35655,GRL|Veg Burger|Portobello,OK- VEGETARIAN KITCHEN FEATURE,327.0000000000012,721.685014705567,7.016364502382469,1419.1476808714733,115.41,4937.41,220.7,2.15,35.29,1509.91,433.99,Yellow,Yellow,,TRUE,
,,R-44349,SQR|Chana Masala,OK - SQUARE MEAL,482.00000000000045,680.3805685998711,3.8450992212155137,1919.493387183159,217.89,2548.54,141.16,0.8,45.21,528.74,398.24,Green,Green,,,TRUE
Fresh Fare AM , Black bean bowl,R-27275,VEG|Bowl|Black Bean Breakfast,OK - VEGETARIAN KITCHEN,472.1,928.7023023744865,9.521492572518003,3559.887687446427,111.4,3009.68,196.72,2.02,23.6,637.51,754.05,Yellow,Yellow,,TRUE,
Fresh Fare PM , Dobanjiang Bowl,R-43738,VEG|BOWL|Dobanjiang Noodle ,OK - VEGETARIAN KITCHEN,349.0,490.1029171520463,5.907947485796394,1196.936179760709,91.42,3040.68,140.43,1.69,26.19,871.26,342.96,Green,Green,,,TRUE
Fresh Fare AM , Polenta Bowl,R-35341,VEG|Bowl|Polenta,OK - SIDES,325.0,869.6326399206018,7.803961065689757,1425.9538492247482,74.14,4232.44,267.58,2.4,22.81,1302.29,438.76,Yellow,Yellow,,TRUE,
,,R-47435,VEG|ChanaMasala  ,OK - VEGETARIAN KITCHEN,482.00000000000045,680.3805685998711,3.8450992212155137,1919.493387183159,217.89,2548.54,141.16,0.8,45.21,528.74,398.24,Green,Green,,,TRUE
,,R-50375,VEG|CreamCheeseCucumberToast,OK - VEGETARIAN KITCHEN,201.00000000000017,468.86662791093744,4.952839832311455,650.0027294958119,82.48,3990.04,233.27,2.46,41.03,1985.09,323.38,Yellow,Yellow,,TRUE,
Fresh Fare PM , Curried Chickpea Bowl,R-32886,VEG|Curried Chickpea Bowl,OK - VEGETARIAN KITCHEN,470.50000000000045,736.7206304342684,3.8981443210090543,3360.0217221268363,152.2,2148.05,156.58,0.83,32.35,456.55,714.14,Green,Green,,,TRUE
,,R-50526,VEG|FrenchToast|PeachCompote,OK- VEGETARIAN KITCHEN FEATURE,359.50000000000017,675.4516256989273,9.044177777777803,1344.7535913978577,105.85,3227.8,187.89,2.52,29.44,897.86,374.06,Green,Yellow,,TRUE,
,,R-27383,VEG|Incredibowl,OK - VEGETARIAN KITCHEN,335.1,273.0451179142703,1.4973272097204062,863.0034968414743,78.86,3587.82,81.48,0.45,23.53,1070.67,257.54,Green,Green,,,TRUE
,,R-25415,VEG|King Oyster Mushroom Bowl,OK - VEGETARIAN KITCHEN,435.0,371.831498341301,3.0697563052710986,1251.1434196036448,65.25,1456.38,85.48,0.71,15.0,334.8,287.62,Green,Green,,,TRUE
,,R-35515,VEG|LentilSloppy,OK- VEGETARIAN KITCHEN FEATURE,476.0000000000012,507.04862772856086,4.136722657707663,1754.936207376337,79.93,3371.82,106.52,0.87,16.79,708.37,368.68,Green,Green,,,TRUE
,,R-35782,VEG|MIso Glazed Veg Bowl,OK- VEGETARIAN KITCHEN FEATURE,375.0,332.0943018945279,2.303472275283464,700.7636949750896,75.25,871.53,88.56,0.61,20.07,232.41,186.87,Green,Green,,,TRUE
,,R-50556,VEG|Omelet|Mushroom Cheddar,OK - VEGETARIAN KITCHEN,266.097,970.9041746761358,13.277008757998447,2034.674314833144,149.07,5144.93,364.87,4.99,56.02,1933.48,764.64,Yellow,Red,TRUE,,
,,R-50555,VEG|Omelet|Spinach Goat Cheese,OK - VEGETARIAN KITCHEN,274.0,947.9291041112098,13.949193419106772,1615.071123927832,158.86,5664.88,345.96,5.09,57.98,2067.47,589.44,Yellow,Red,TRUE,,
,,R-50401,VEG|Platter|Mezze,OK- VEGETARIAN KITCHEN FEATURE,490.50000000000045,598.8812046207537,4.503670897715469,2244.3995417603023,73.42,2566.3,122.1,0.92,14.97,523.2,457.57,Green,Green,,,TRUE
,,R-50471,VEG|Porridge|Barley,OK - VEGETARIAN EVENTS,315.0,286.0562243870968,0.66986,271.07109677419356,161.1,494.09,90.81,0.21,51.14,156.85,86.05,Green,Green,,,TRUE
,,R-44604,VEG|RaspberryChiaBomb 160g,OK - VEGETARIAN KITCHEN,160.0,300.28802233766237,0.5508726753246753,608.515174025974,78.38,4969.86,187.68,0.34,48.99,3106.16,380.32,Green,Yellow,,TRUE,
,,R-52812,VEG|Roast Vegetable Quesadilla,OK - VEGETARIAN KITCHEN,380.00000000000017,1306.1481075559084,10.832305458371719,2223.459562458066,155.03,8653.53,343.72,2.85,40.8,2277.24,585.12,Yellow,Red,TRUE,,
,,R-46913,VEG|Roasted Veg Quesadilla,OK - VEGETARIAN KITCHEN,380.00000000000017,1306.1481075559084,10.832305458371719,2223.459562458066,155.03,8653.53,343.72,2.85,40.8,2277.24,585.12,Yellow,Red,TRUE,,
,,R-35319,VEG|SOUP|Miso Dumpling ,OK- VEGETARIAN KITCHEN FEATURE,643.0000000000002,245.57900616594895,1.9956506524120083,764.8519545794265,34.29,1093.77,38.19,0.31,5.33,170.1,118.95,Green,Green,,,TRUE
,,R-27405,VEG|Southwest Bowl,OK - VEGETARIAN KITCHEN,458.1,606.4116640444174,3.454490035435646,2169.0359139516927,100.17,1762.95,132.38,0.75,21.87,384.84,473.49,Green,Green,,,TRUE
,,R-37091,VEG|Sweet&SourTofu,OK - VEGETARIAN KITCHEN,494.0,615.1320354056801,2.681914688458216,1092.2166925004572,163.65,1183.99,124.52,0.54,33.13,239.67,221.1,Green,Green,,,TRUE
Fresh Fare PM , Tabbouleh Bowl,R-35461,VEG|Tabouleh Bowl,OK - VEGETARIAN KITCHEN,450.5000000000002,652.1097165042296,3.412578629525852,2350.4099955444376,158.23,8063.84,144.75,0.76,35.12,1789.98,521.73,Green,Yellow,,TRUE,
,,R-50858,ALF|Flatbread|Greek,OK - AL FORNO,200.0,597.9188363565654,5.916699262650887,951.1470347096883,81.94,3885.24,298.96,2.96,40.97,1942.62,475.57,Yellow,Yellow,,TRUE,
,,R-51942,CST|SAUCE|Green Onion Ginger,OK - CUSTOM KITCHEN,60.0,24.067170705240713,0.2141107854772857,68.95194284124284,0.43,20.42,40.11,0.36,0.72,34.03,114.92,Green,Green,,,TRUE
,,R-45371,CST|SAUCE|Teriyaki,OK - CUSTOM KITCHEN,60.0,25.432641789072374,0.12383204721508664,59.95180018103976,0.48,16.83,42.39,0.21,0.8,28.05,99.92,Green,Green,,,TRUE
Grill PM , Chili Dog,R-52133,GRL|Chili Dog|SP,FEAST,240.0000000000012,671.8942642111299,6.440216322304473,1675.6978777628246,114.72,4890.68,279.96,2.68,47.8,2037.78,698.21,Yellow,Yellow,,TRUE,
,,R-53084,GRL|Veg Burger|Ultimate,OK - GRILL KITCHEN DAY,408.0000000000012,565.6152184149204,5.29054522048515,1160.0391979887306,100.83,4072.75,138.63,1.3,24.71,998.22,284.32,Green,Green,,,TRUE
,,R-42127,GRL|Veggie Chili Dog|SP,FEAST,240.0000000000012,632.3021642111299,6.116616322304474,1553.3878777628242,113.05,4829.41,263.46,2.55,47.1,2012.25,647.24,Yellow,Yellow,,TRUE,
,,R-52215,HS|Thunderbird Chili Dog,OK - SQUARE MEAL,358.0000000000017,8408.878572305533,68.02447921033823,25071.28733573287,428.68,16394.28,2348.85,19.0,119.74,4579.41,7003.15,Red,Red,TRUE,,
,,R-45374,SAUCE|Red Thai Curry Ptn,OK - CUSTOM KITCHEN,60.0,21.425852400000004,0.05462767636363636,73.89745527272727,0.19,8.27,35.71,0.09,0.32,13.78,123.16,Green,Green,,,TRUE
,,R-45373,SAUCE|Spicy Korean BBQ ptn,OK - CUSTOM KITCHEN,60.0,24.460608450000006,0.08616581999999999,58.579824,0.38,15.23,40.77,0.14,0.63,25.38,97.63,Green,Green,,,TRUE
,,R-45370,SAUCE|Sweet Tamarind ptn,OK - CUSTOM KITCHEN,60.0,60.32351999999999,0.1688745,96.1434,0.57,13.5,100.54,0.28,0.95,22.5,160.24,Green,Green,,,TRUE
,,R-53067,SQR|Burrito Sweet Potato|POP,OK - SQUARE MEAL,510.0,649.6921850419819,3.7412339142805076,2129.717409343115,137.69,1467.49,127.39,0.73,27.0,287.74,417.59,Green,Green,,,TRUE
,,R-53089,SQR|Plant Based Enchiladas|POP,OK - SQUARE MEAL,532.0000054400077,570.9141011971769,3.8006516733669775,1971.072745966867,86.8,4523.37,107.31,0.71,16.32,850.26,370.5,Green,Green,,,TRUE
,,R-52217,SQR|Tbird Chili Pasta|4 way,OK - SQUARE MEAL,580.99999988,10220.876182510729,82.59815142452213,30075.116950366348,548.4,21696.47,1759.19,14.22,94.39,3734.33,5176.44,Red,Red,TRUE,,
,,R-52685,SQR|Thunderbird Chili Dog,OK - SQUARE MEAL,358.0000000000017,8408.878572305533,68.02447921033823,25071.28733573287,428.68,16394.28,2348.85,19.0,119.74,4579.41,7003.15,Red,Red,TRUE,,
